{"cameraMode":{"drawMode":0,"name":"Shaded","section":"Shading Mode"},"sceneLighting":true,"audioPlay":false,"sceneViewState":{"m_AlwaysRefresh":false,"showFog":true,"showSkybox":true,"showFlares":true,"showImageEffects":true,"showParticleSystems":true,"showVisualEffectGraphs":true,"m_FxEnabled":true},"in2DMode":false,"pivot":{"x":-1.2180548906326295,"y":0.17778396606445313,"z":0.03914976119995117},"rotation":{"x":0.6822924017906189,"y":0.0021932339295744898,"z":-0.002046888694167137,"w":0.7310725450515747},"size":21.91580581665039,"orthographic":false}