{"cameraMode":{"drawMode":0,"name":"Shaded","section":"Shading Mode"},"sceneLighting":false,"audioPlay":false,"sceneViewState":{"m_AlwaysRefresh":false,"showFog":false,"showSkybox":false,"showFlares":false,"showImageEffects":false,"showParticleSystems":false,"showVisualEffectGraphs":true,"m_FxEnabled":true},"in2DMode":false,"pivot":{"x":-0.23022273182868958,"y":0.8774656057357788,"z":0.32694292068481448},"rotation":{"x":0.001661835703998804,"y":0.9983350038528442,"z":-0.03926439583301544,"w":0.04225612059235573},"size":1.0289528369903565,"orthographic":false}