{"cameraMode":{"drawMode":0,"name":"Shaded","section":"Shading Mode"},"sceneLighting":true,"audioPlay":false,"sceneViewState":{"m_AlwaysRefresh":false,"showFog":true,"showSkybox":true,"showFlares":true,"showImageEffects":true,"showParticleSystems":true,"showVisualEffectGraphs":true,"m_FxEnabled":true},"in2DMode":false,"pivot":{"x":0.4457651376724243,"y":12.712443351745606,"z":-12.059822082519532},"rotation":{"x":0.4290097653865814,"y":0.002709871856495738,"z":-0.001286931219510734,"w":0.9032947421073914},"size":1.2033017873764039,"orthographic":false}