{"cameraMode":{"drawMode":0,"name":"Shaded","section":"Shading Mode"},"sceneLighting":true,"audioPlay":false,"sceneViewState":{"m_AlwaysRefresh":false,"showFog":true,"showSkybox":true,"showFlares":true,"showImageEffects":true,"showParticleSystems":true,"showVisualEffectGraphs":true,"m_FxEnabled":true},"in2DMode":false,"pivot":{"x":0.03805786371231079,"y":1.4152354001998902,"z":0.09840531647205353},"rotation":{"x":-0.38652634620666506,"y":0.5495851039886475,"z":-0.3174619972705841,"w":-0.6691654324531555},"size":0.18708288669586183,"orthographic":false}