{"cameraMode":{"drawMode":0,"name":"Shaded","section":"Shading Mode"},"sceneLighting":true,"audioPlay":false,"sceneViewState":{"m_AlwaysRefresh":false,"showFog":true,"showSkybox":true,"showFlares":true,"showImageEffects":true,"showParticleSystems":true,"showVisualEffectGraphs":true,"m_FxEnabled":true},"in2DMode":false,"pivot":{"x":1.3665437698364258,"y":0.5815213322639465,"z":1.1686956882476807},"rotation":{"x":0.18039913475513459,"y":0.5486282706260681,"z":-0.12262600660324097,"w":0.8071132302284241},"size":14.398994445800782,"orthographic":false}