{"cameraMode":{"drawMode":0,"name":"Shaded","section":"Shading Mode"},"sceneLighting":true,"audioPlay":false,"sceneViewState":{"m_AlwaysRefresh":false,"showFog":true,"showSkybox":true,"showFlares":true,"showImageEffects":true,"showParticleSystems":true,"showVisualEffectGraphs":true,"m_FxEnabled":true},"in2DMode":false,"pivot":{"x":0.5938712358474731,"y":1.3964505195617676,"z":0.7122204899787903},"rotation":{"x":-0.09016751497983933,"y":0.9095302224159241,"z":-0.2742004990577698,"w":-0.29908689856529238},"size":5.438389778137207,"orthographic":false}