{"cameraMode":{"drawMode":0,"name":"Shaded","section":"Shading Mode"},"sceneLighting":true,"audioPlay":false,"sceneViewState":{"m_AlwaysRefresh":false,"showFog":true,"showSkybox":true,"showFlares":true,"showImageEffects":true,"showParticleSystems":true,"showVisualEffectGraphs":true,"m_FxEnabled":true},"in2DMode":false,"pivot":{"x":2.2800610065460207,"y":-0.06215917319059372,"z":0.02889886684715748},"rotation":{"x":-0.10474296659231186,"y":0.872150182723999,"z":-0.21371613442897798,"w":-0.42744380235671999},"size":1.6600894927978516,"orthographic":false}