{"cameraMode":{"drawMode":0,"name":"Shaded","section":"Shading Mode"},"sceneLighting":true,"audioPlay":false,"sceneViewState":{"m_AlwaysRefresh":false,"showFog":true,"showSkybox":true,"showFlares":true,"showImageEffects":true,"showParticleSystems":true,"showVisualEffectGraphs":true,"m_FxEnabled":true},"in2DMode":false,"pivot":{"x":297.9895324707031,"y":240.49267578125,"z":-1.3933734893798829},"rotation":{"x":-0.01618974842131138,"y":-0.006005170289427042,"z":-0.00009783582208910957,"w":0.9998562335968018},"size":265.74786376953127,"orthographic":false}