{"cameraMode":{"drawMode":0,"name":"Shaded","section":"Shading Mode"},"sceneLighting":true,"audioPlay":false,"sceneViewState":{"m_AlwaysRefresh":false,"showFog":true,"showSkybox":true,"showFlares":true,"showImageEffects":true,"showParticleSystems":true,"showVisualEffectGraphs":true,"m_FxEnabled":true},"in2DMode":false,"pivot":{"x":168.00277709960938,"y":212.36073303222657,"z":233.75547790527345},"rotation":{"x":0.02368832752108574,"y":0.0005975131643936038,"z":0.000015809891920071095,"w":-0.999718189239502},"size":298.20001220703127,"orthographic":false}