{"cameraMode":{"drawMode":0,"name":"Shaded","section":"Shading Mode"},"sceneLighting":false,"audioPlay":false,"sceneViewState":{"m_AlwaysRefresh":false,"showFog":false,"showSkybox":false,"showFlares":false,"showImageEffects":false,"showParticleSystems":false,"showVisualEffectGraphs":true,"m_FxEnabled":true},"in2DMode":false,"pivot":{"x":33.83747482299805,"y":9.842520713806153,"z":16.356473922729493},"rotation":{"x":0.00827761460095644,"y":0.8592912554740906,"z":0.013913615606725216,"w":-0.5112356543540955},"size":0.028511028736829759,"orthographic":false}