{"cameraMode":{"drawMode":0,"name":"Shaded","section":"Shading Mode"},"sceneLighting":true,"audioPlay":false,"sceneViewState":{"m_AlwaysRefresh":false,"showFog":true,"showSkybox":true,"showFlares":true,"showImageEffects":true,"showParticleSystems":true,"showVisualEffectGraphs":true,"m_FxEnabled":true},"in2DMode":false,"pivot":{"x":-1.2797847986221314,"y":0.9525643587112427,"z":3.059741258621216},"rotation":{"x":0.18945884704589845,"y":0.3326548933982849,"z":-0.06840008497238159,"w":0.9213185906410217},"size":2.520451545715332,"orthographic":false}