{"cameraMode":{"drawMode":0,"name":"Shaded","section":"Shading Mode"},"sceneLighting":false,"audioPlay":false,"sceneViewState":{"m_AlwaysRefresh":false,"showFog":false,"showSkybox":false,"showFlares":false,"showImageEffects":false,"showParticleSystems":false,"showVisualEffectGraphs":true,"m_FxEnabled":true},"in2DMode":false,"pivot":{"x":0.0235332939773798,"y":1.0203049182891846,"z":0.05933353304862976},"rotation":{"x":0.0040441532619297508,"y":0.9942447543144226,"z":-0.09906408935785294,"w":0.040588706731796268},"size":1.016843318939209,"orthographic":false}