{"cameraMode":{"drawMode":0,"name":"Shaded","section":"Shading Mode"},"sceneLighting":true,"audioPlay":false,"sceneViewState":{"m_AlwaysRefresh":false,"showFog":true,"showSkybox":true,"showFlares":true,"showImageEffects":true,"showParticleSystems":true,"showVisualEffectGraphs":true,"m_FxEnabled":true},"in2DMode":false,"pivot":{"x":1.4230434894561768,"y":0.10656030476093292,"z":0.9414090514183044},"rotation":{"x":-0.027547495439648629,"y":0.9220381379127502,"z":-0.06678865849971771,"w":-0.38030093908309939},"size":0.010185211896896363,"orthographic":false}