{"cameraMode":{"drawMode":0,"name":"Shaded","section":"Shading Mode"},"sceneLighting":false,"audioPlay":false,"sceneViewState":{"m_AlwaysRefresh":false,"showFog":false,"showSkybox":false,"showFlares":false,"showImageEffects":false,"showParticleSystems":false,"showVisualEffectGraphs":true,"m_FxEnabled":true},"in2DMode":false,"pivot":{"x":-0.007568534463644028,"y":0.06349797546863556,"z":0.028716977685689927},"rotation":{"x":-0.06349438428878784,"y":0.9295652508735657,"z":-0.19115272164344788,"w":-0.30876943469047549},"size":0.11233872920274735,"orthographic":false}